Season,Slope,Intercept,R_squared,P_value,Std_Error
DJF,0.010681488750041821,57.1162679426403,0.10503772632544824,0.0031610031268815533,0.0035079060208776246
MAM,0.015626600827417472,50.6219525470935,0.09271690501373124,0.0057130387277235396,0.005499749631790844
JJA,0.00899286479025422,63.189797869075235,0.05928055928484699,0.028502486691758453,0.004030495415518815
SON,0.01158124967436326,55.911446784762845,0.12048318205172505,0.0014997484759384854,0.003520470735008839
