Year,DJF,MAM,JJA,SON
2025,78.77059696969697,81.91149999999999,80.85442727272728,78.82966363636363
2030,79.54629696969697,82.8187515151515,81.60177575757577,79.26584242424244
2050,78.82622121212123,82.21647272727273,80.7631787878788,78.72049696969697
