Season,Slope,Intercept,R_squared,P_value,Std_Error
DJF,0.010681488750041834,57.11626794264028,0.10503772632544826,0.0031610031268815473,0.003507906020877628
MAM,0.0156266008274175,50.62195254709344,0.09271690501373164,0.005713038727723431,0.005499749631790842
JJA,0.008992864790254223,63.18979786907522,0.059280559284847094,0.02850248669175825,0.004030495415518812
SON,0.011581249674363242,55.91144678476287,0.12048318205172451,0.0014997484759385281,0.0035204707350088424
